article,abstract
We propose a novel attention mechanism for image captioning that dynamically weights spatial features based on linguistic context,we propose a dynamic attention mechanism for image captioning
This paper introduces a lightweight transformer model for mobile text classification with low latency and high accuracy,we introduce a lightweight mobile transformer for text classification
Our deep learning model achieves state of the art results on image captioning using dynamic attention mechanisms,we achieve state of the art image captioning with dynamic attention
We study the luminosity distance of M87 and relate angular scale to physical size using black hole mass estimates,we study m87 luminosity distance and black hole mass scaling
We calculate energies of atomic states in silver like ions using relativistic many body perturbation theory,we calculate atomic state energies in silver like ions with relativistic methods
We analyze electron scattering in doped semiconductors and reconstruct band asymmetries from transport measurements,we reconstruct band asymmetries in doped semiconductors from scattering data
Recent advances in neural rendering enable photorealistic synthesis from sparse inputs,we present advances in neural rendering for photorealistic synthesis
Transformer models have revolutionized natural language processing but suffer from quadratic complexity,we propose a linear complexity transformer for long sequences
Self supervised learning reduces the need for labeled data in computer vision,we explore self supervised learning for vision with contrastive methods
Quantum computing promises exponential speedup for certain algorithms,we review quantum algorithms with exponential speedup over classical
We propose a novel attention mechanism for image captioning that dynamically weights spatial features based on linguistic context,we propose a dynamic attention mechanism for image captioning
This paper introduces a lightweight transformer model for mobile text classification with low latency and high accuracy,we introduce a lightweight mobile transformer for text classification
Our deep learning model achieves state of the art results on image captioning using dynamic attention mechanisms,we achieve state of the art image captioning with dynamic attention
We study the luminosity distance of M87 and relate angular scale to physical size using black hole mass estimates,we study m87 luminosity distance and black hole mass scaling
We calculate energies of atomic states in silver like ions using relativistic many body perturbation theory,we calculate atomic state energies in silver like ions with relativistic methods
We analyze electron scattering in doped semiconductors and reconstruct band asymmetries from transport measurements,we reconstruct band asymmetries in doped semiconductors from scattering data
Recent advances in neural rendering enable photorealistic synthesis from sparse inputs,we present advances in neural rendering for photorealistic synthesis
Transformer models have revolutionized natural language processing but suffer from quadratic complexity,we propose a linear complexity transformer for long sequences
Self supervised learning reduces the need for labeled data in computer vision,we explore self supervised learning for vision with contrastive methods
Quantum computing promises exponential speedup for certain algorithms,we review quantum algorithms with exponential speedup over classical
We propose a novel attention mechanism for image captioning that dynamically weights spatial features based on linguistic context,we propose a dynamic attention mechanism for image captioning
This paper introduces a lightweight transformer model for mobile text classification with low latency and high accuracy,we introduce a lightweight mobile transformer for text classification
Our deep learning model achieves state of the art results on image captioning using dynamic attention mechanisms,we achieve state of the art image captioning with dynamic attention
We study the luminosity distance of M87 and relate angular scale to physical size using black hole mass estimates,we study m87 luminosity distance and black hole mass scaling
We calculate energies of atomic states in silver like ions using relativistic many body perturbation theory,we calculate atomic state energies in silver like ions with relativistic methods
We analyze electron scattering in doped semiconductors and reconstruct band asymmetries from transport measurements,we reconstruct band asymmetries in doped semiconductors from scattering data
Recent advances in neural rendering enable photorealistic synthesis from sparse inputs,we present advances in neural rendering for photorealistic synthesis
Transformer models have revolutionized natural language processing but suffer from quadratic complexity,we propose a linear complexity transformer for long sequences
Self supervised learning reduces the need for labeled data in computer vision,we explore self supervised learning for vision with contrastive methods
Quantum computing promises exponential speedup for certain algorithms,we review quantum algorithms with exponential speedup over classical
We propose a novel attention mechanism for image captioning that dynamically weights spatial features based on linguistic context,we propose a dynamic attention mechanism for image captioning
This paper introduces a lightweight transformer model for mobile text classification with low latency and high accuracy,we introduce a lightweight mobile transformer for text classification
Our deep learning model achieves state of the art results on image captioning using dynamic attention mechanisms,we achieve state of the art image captioning with dynamic attention
We study the luminosity distance of M87 and relate angular scale to physical size using black hole mass estimates,we study m87 luminosity distance and black hole mass scaling
We calculate energies of atomic states in silver like ions using relativistic many body perturbation theory,we calculate atomic state energies in silver like ions with relativistic methods
We analyze electron scattering in doped semiconductors and reconstruct band asymmetries from transport measurements,we reconstruct band asymmetries in doped semiconductors from scattering data
Recent advances in neural rendering enable photorealistic synthesis from sparse inputs,we present advances in neural rendering for photorealistic synthesis
Transformer models have revolutionized natural language processing but suffer from quadratic complexity,we propose a linear complexity transformer for long sequences
Self supervised learning reduces the need for labeled data in computer vision,we explore self supervised learning for vision with contrastive methods
Quantum computing promises exponential speedup for certain algorithms,we review quantum algorithms with exponential speedup over classical
We propose a novel attention mechanism for image captioning that dynamically weights spatial features based on linguistic context,we propose a dynamic attention mechanism for image captioning
This paper introduces a lightweight transformer model for mobile text classification with low latency and high accuracy,we introduce a lightweight mobile transformer for text classification
Our deep learning model achieves state of the art results on image captioning using dynamic attention mechanisms,we achieve state of the art image captioning with dynamic attention
We study the luminosity distance of M87 and relate angular scale to physical size using black hole mass estimates,we study m87 luminosity distance and black hole mass scaling
We calculate energies of atomic states in silver like ions using relativistic many body perturbation theory,we calculate atomic state energies in silver like ions with relativistic methods
We analyze electron scattering in doped semiconductors and reconstruct band asymmetries from transport measurements,we reconstruct band asymmetries in doped semiconductors from scattering data
Recent advances in neural rendering enable photorealistic synthesis from sparse inputs,we present advances in neural rendering for photorealistic synthesis
Transformer models have revolutionized natural language processing but suffer from quadratic complexity,we propose a linear complexity transformer for long sequences
Self supervised learning reduces the need for labeled data in computer vision,we explore self supervised learning for vision with contrastive methods
Quantum computing promises exponential speedup for certain algorithms,we review quantum algorithms with exponential speedup over classical
We propose a novel attention mechanism for image captioning that dynamically weights spatial features based on linguistic context,we propose a dynamic attention mechanism for image captioning
This paper introduces a lightweight transformer model for mobile text classification with low latency and high accuracy,we introduce a lightweight mobile transformer for text classification
Our deep learning model achieves state of the art results on image captioning using dynamic attention mechanisms,we achieve state of the art image captioning with dynamic attention
We study the luminosity distance of M87 and relate angular scale to physical size using black hole mass estimates,we study m87 luminosity distance and black hole mass scaling
We calculate energies of atomic states in silver like ions using relativistic many body perturbation theory,we calculate atomic state energies in silver like ions with relativistic methods
We analyze electron scattering in doped semiconductors and reconstruct band asymmetries from transport measurements,we reconstruct band asymmetries in doped semiconductors from scattering data
Recent advances in neural rendering enable photorealistic synthesis from sparse inputs,we present advances in neural rendering for photorealistic synthesis
Transformer models have revolutionized natural language processing but suffer from quadratic complexity,we propose a linear complexity transformer for long sequences
Self supervised learning reduces the need for labeled data in computer vision,we explore self supervised learning for vision with contrastive methods
Quantum computing promises exponential speedup for certain algorithms,we review quantum algorithms with exponential speedup over classical
We propose a novel attention mechanism for image captioning that dynamically weights spatial features based on linguistic context,we propose a dynamic attention mechanism for image captioning
This paper introduces a lightweight transformer model for mobile text classification with low latency and high accuracy,we introduce a lightweight mobile transformer for text classification
Our deep learning model achieves state of the art results on image captioning using dynamic attention mechanisms,we achieve state of the art image captioning with dynamic attention
We study the luminosity distance of M87 and relate angular scale to physical size using black hole mass estimates,we study m87 luminosity distance and black hole mass scaling
We calculate energies of atomic states in silver like ions using relativistic many body perturbation theory,we calculate atomic state energies in silver like ions with relativistic methods
We analyze electron scattering in doped semiconductors and reconstruct band asymmetries from transport measurements,we reconstruct band asymmetries in doped semiconductors from scattering data
Recent advances in neural rendering enable photorealistic synthesis from sparse inputs,we present advances in neural rendering for photorealistic synthesis
Transformer models have revolutionized natural language processing but suffer from quadratic complexity,we propose a linear complexity transformer for long sequences
Self supervised learning reduces the need for labeled data in computer vision,we explore self supervised learning for vision with contrastive methods
Quantum computing promises exponential speedup for certain algorithms,we review quantum algorithms with exponential speedup over classical
We propose a novel attention mechanism for image captioning that dynamically weights spatial features based on linguistic context,we propose a dynamic attention mechanism for image captioning
This paper introduces a lightweight transformer model for mobile text classification with low latency and high accuracy,we introduce a lightweight mobile transformer for text classification
Our deep learning model achieves state of the art results on image captioning using dynamic attention mechanisms,we achieve state of the art image captioning with dynamic attention
We study the luminosity distance of M87 and relate angular scale to physical size using black hole mass estimates,we study m87 luminosity distance and black hole mass scaling
We calculate energies of atomic states in silver like ions using relativistic many body perturbation theory,we calculate atomic state energies in silver like ions with relativistic methods
We analyze electron scattering in doped semiconductors and reconstruct band asymmetries from transport measurements,we reconstruct band asymmetries in doped semiconductors from scattering data
Recent advances in neural rendering enable photorealistic synthesis from sparse inputs,we present advances in neural rendering for photorealistic synthesis
Transformer models have revolutionized natural language processing but suffer from quadratic complexity,we propose a linear complexity transformer for long sequences
Self supervised learning reduces the need for labeled data in computer vision,we explore self supervised learning for vision with contrastive methods
Quantum computing promises exponential speedup for certain algorithms,we review quantum algorithms with exponential speedup over classical
We propose a novel attention mechanism for image captioning that dynamically weights spatial features based on linguistic context,we propose a dynamic attention mechanism for image captioning
This paper introduces a lightweight transformer model for mobile text classification with low latency and high accuracy,we introduce a lightweight mobile transformer for text classification
Our deep learning model achieves state of the art results on image captioning using dynamic attention mechanisms,we achieve state of the art image captioning with dynamic attention
We study the luminosity distance of M87 and relate angular scale to physical size using black hole mass estimates,we study m87 luminosity distance and black hole mass scaling
We calculate energies of atomic states in silver like ions using relativistic many body perturbation theory,we calculate atomic state energies in silver like ions with relativistic methods
We analyze electron scattering in doped semiconductors and reconstruct band asymmetries from transport measurements,we reconstruct band asymmetries in doped semiconductors from scattering data
Recent advances in neural rendering enable photorealistic synthesis from sparse inputs,we present advances in neural rendering for photorealistic synthesis
Transformer models have revolutionized natural language processing but suffer from quadratic complexity,we propose a linear complexity transformer for long sequences
Self supervised learning reduces the need for labeled data in computer vision,we explore self supervised learning for vision with contrastive methods
Quantum computing promises exponential speedup for certain algorithms,we review quantum algorithms with exponential speedup over classical
We propose a novel attention mechanism for image captioning that dynamically weights spatial features based on linguistic context,we propose a dynamic attention mechanism for image captioning
This paper introduces a lightweight transformer model for mobile text classification with low latency and high accuracy,we introduce a lightweight mobile transformer for text classification
Our deep learning model achieves state of the art results on image captioning using dynamic attention mechanisms,we achieve state of the art image captioning with dynamic attention
We study the luminosity distance of M87 and relate angular scale to physical size using black hole mass estimates,we study m87 luminosity distance and black hole mass scaling
We calculate energies of atomic states in silver like ions using relativistic many body perturbation theory,we calculate atomic state energies in silver like ions with relativistic methods
We analyze electron scattering in doped semiconductors and reconstruct band asymmetries from transport measurements,we reconstruct band asymmetries in doped semiconductors from scattering data
Recent advances in neural rendering enable photorealistic synthesis from sparse inputs,we present advances in neural rendering for photorealistic synthesis
Transformer models have revolutionized natural language processing but suffer from quadratic complexity,we propose a linear complexity transformer for long sequences
Self supervised learning reduces the need for labeled data in computer vision,we explore self supervised learning for vision with contrastive methods
Quantum computing promises exponential speedup for certain algorithms,we review quantum algorithms with exponential speedup over classical
